pr-4096-c1	PR	NON_ALIGNED(4096%8192)	0	OK	<deploy-root>/state/luz028-artifacts/LUZ028_MATRIX4K512K_20260923T150740Z/pr/pr-4096-c1
pr-8192-c1	PR	ALIGNED	0	OK	<deploy-root>/state/luz028-artifacts/LUZ028_MATRIX4K512K_20260923T150740Z/pr/pr-8192-c1
pr-16384-c1	PR	ALIGNED	0	OK	<deploy-root>/state/luz028-artifacts/LUZ028_MATRIX4K512K_20260923T150740Z/pr/pr-16384-c1
pr-32768-c1	PR	ALIGNED	0	OK	<deploy-root>/state/luz028-artifacts/LUZ028_MATRIX4K512K_20260923T150740Z/pr/pr-32768-c1
pr-65536-c1	PR	ALIGNED	0	OK	<deploy-root>/state/luz028-artifacts/LUZ028_MATRIX4K512K_20260923T150740Z/pr/pr-65536-c1
pr-131072-c1	PR	ALIGNED	0	OK	<deploy-root>/state/luz028-artifacts/LUZ028_MATRIX4K512K_20260923T150740Z/pr/pr-131072-c1
pr-262144-c1	PR	ALIGNED	0	OK	<deploy-root>/state/luz028-artifacts/LUZ028_MATRIX4K512K_20260923T150740Z/pr/pr-262144-c1
pr-524288-c1	PR	ALIGNED	0	OK	<deploy-root>/state/luz028-artifacts/LUZ028_MATRIX4K512K_20260923T150740Z/pr/pr-524288-c1
pr-4096-c2	PR	NON_ALIGNED(4096%8192)	0	OK	<deploy-root>/state/luz028-artifacts/LUZ028_MATRIX4K512K_20260923T150740Z/pr/pr-4096-c2
pr-8192-c2	PR	ALIGNED	0	OK	<deploy-root>/state/luz028-artifacts/LUZ028_MATRIX4K512K_20260923T150740Z/pr/pr-8192-c2
pr-16384-c2	PR	ALIGNED	0	OK	<deploy-root>/state/luz028-artifacts/LUZ028_MATRIX4K512K_20260923T150740Z/pr/pr-16384-c2
pr-32768-c2	PR	ALIGNED	0	OK	<deploy-root>/state/luz028-artifacts/LUZ028_MATRIX4K512K_20260923T150740Z/pr/pr-32768-c2
pr-65536-c2	PR	ALIGNED	0	OK	<deploy-root>/state/luz028-artifacts/LUZ028_MATRIX4K512K_20260923T150740Z/pr/pr-65536-c2
pr-131072-c2	PR	ALIGNED	0	OK	<deploy-root>/state/luz028-artifacts/LUZ028_MATRIX4K512K_20260923T150740Z/pr/pr-131072-c2
pr-262144-c2	PR	ALIGNED	0	OK	<deploy-root>/state/luz028-artifacts/LUZ028_MATRIX4K512K_20260923T150740Z/pr/pr-262144-c2
pr-524288-c2	PR	ALIGNED	0	OK	<deploy-root>/state/luz028-artifacts/LUZ028_MATRIX4K512K_20260923T150740Z/pr/pr-524288-c2
pr-4096-c4	PR	NON_ALIGNED(4096%8192)	0	OK	<deploy-root>/state/luz028-artifacts/LUZ028_MATRIX4K512K_20260923T150740Z/pr/pr-4096-c4
pr-8192-c4	PR	ALIGNED	0	OK	<deploy-root>/state/luz028-artifacts/LUZ028_MATRIX4K512K_20260923T150740Z/pr/pr-8192-c4
pr-16384-c4	PR	ALIGNED	0	OK	<deploy-root>/state/luz028-artifacts/LUZ028_MATRIX4K512K_20260923T150740Z/pr/pr-16384-c4
pr-32768-c4	PR	ALIGNED	0	OK	<deploy-root>/state/luz028-artifacts/LUZ028_MATRIX4K512K_20260923T150740Z/pr/pr-32768-c4
pr-65536-c4	PR	ALIGNED	0	OK	<deploy-root>/state/luz028-artifacts/LUZ028_MATRIX4K512K_20260923T150740Z/pr/pr-65536-c4
pr-131072-c4	PR	ALIGNED	0	OK	<deploy-root>/state/luz028-artifacts/LUZ028_MATRIX4K512K_20260923T150740Z/pr/pr-131072-c4
pr-262144-c4	PR	ALIGNED	0	OK	<deploy-root>/state/luz028-artifacts/LUZ028_MATRIX4K512K_20260923T150740Z/pr/pr-262144-c4
pr-524288-c4	PR	ALIGNED	0	OK	<deploy-root>/state/luz028-artifacts/LUZ028_MATRIX4K512K_20260923T150740Z/pr/pr-524288-c4
pr-4096-c8	PR	NON_ALIGNED(4096%8192)	0	OK	<deploy-root>/state/luz028-artifacts/LUZ028_MATRIX4K512K_20260923T150740Z/pr/pr-4096-c8
pr-8192-c8	PR	ALIGNED	0	OK	<deploy-root>/state/luz028-artifacts/LUZ028_MATRIX4K512K_20260923T150740Z/pr/pr-8192-c8
pr-16384-c8	PR	ALIGNED	0	OK	<deploy-root>/state/luz028-artifacts/LUZ028_MATRIX4K512K_20260923T150740Z/pr/pr-16384-c8
pr-32768-c8	PR	ALIGNED	0	OK	<deploy-root>/state/luz028-artifacts/LUZ028_MATRIX4K512K_20260923T150740Z/pr/pr-32768-c8
pr-65536-c8	PR	ALIGNED	0	OK	<deploy-root>/state/luz028-artifacts/LUZ028_MATRIX4K512K_20260923T150740Z/pr/pr-65536-c8
pr-131072-c8	PR	ALIGNED	0	OK	<deploy-root>/state/luz028-artifacts/LUZ028_MATRIX4K512K_20260923T150740Z/pr/pr-131072-c8
pr-262144-c8	PR	ALIGNED	0	OK	<deploy-root>/state/luz028-artifacts/LUZ028_MATRIX4K512K_20260923T150740Z/pr/pr-262144-c8
pr-524288-c8	PR	ALIGNED	0	OK	<deploy-root>/state/luz028-artifacts/LUZ028_MATRIX4K512K_20260923T150740Z/pr/pr-524288-c8
pr-4096-c16	PR	NON_ALIGNED(4096%8192)	0	OK	<deploy-root>/state/luz028-artifacts/LUZ028_MATRIX4K512K_20260923T150740Z/pr/pr-4096-c16
pr-8192-c16	PR	ALIGNED	0	OK	<deploy-root>/state/luz028-artifacts/LUZ028_MATRIX4K512K_20260923T150740Z/pr/pr-8192-c16
pr-16384-c16	PR	ALIGNED	0	OK	<deploy-root>/state/luz028-artifacts/LUZ028_MATRIX4K512K_20260923T150740Z/pr/pr-16384-c16
pr-32768-c16	PR	ALIGNED	0	OK	<deploy-root>/state/luz028-artifacts/LUZ028_MATRIX4K512K_20260923T150740Z/pr/pr-32768-c16
pr-65536-c16	PR	ALIGNED	0	OK	<deploy-root>/state/luz028-artifacts/LUZ028_MATRIX4K512K_20260923T150740Z/pr/pr-65536-c16
pr-131072-c16	PR	ALIGNED	0	OK	<deploy-root>/state/luz028-artifacts/LUZ028_MATRIX4K512K_20260923T150740Z/pr/pr-131072-c16
pr-262144-c16	PR	ALIGNED	0	OK	<deploy-root>/state/luz028-artifacts/LUZ028_MATRIX4K512K_20260923T150740Z/pr/pr-262144-c16
pr-524288-c16	PR	ALIGNED	0	OK	<deploy-root>/state/luz028-artifacts/LUZ028_MATRIX4K512K_20260923T150740Z/pr/pr-524288-c16
de-prose-c1-r1-2048	DE	prose	0	OK	de-prose-c1-r1-2048.log
de-coding-c1-r1-2048	DE	coding	2	REGRESSION(rc=2)	de-coding-c1-r1-2048.log
de-prose-c1-r2-2048	DE	prose	0	OK	de-prose-c1-r2-2048.log
de-coding-c1-r2-2048	DE	coding	2	REGRESSION(rc=2)	de-coding-c1-r2-2048.log
de-prose-c1-r3-2048	DE	prose	0	OK	de-prose-c1-r3-2048.log
de-coding-c1-r3-2048	DE	coding	2	REGRESSION(rc=2)	de-coding-c1-r3-2048.log
de-prose-c1-r4-2048	DE	prose	0	OK	de-prose-c1-r4-2048.log
de-coding-c1-r4-2048	DE	coding	2	REGRESSION(rc=2)	de-coding-c1-r4-2048.log
de-prose-c1-r5-2048	DE	prose	0	OK	de-prose-c1-r5-2048.log
de-coding-c1-r5-2048	DE	coding	0	OK	de-coding-c1-r5-2048.log
